<!DOCTYPE SimulIDE>

<!-- *************************************************************************** -->
<!-- *   Copyright (C) 2017 by santiago González                               * -->
<!-- *   santigoro@gmail.com                                                   * -->
<!-- *                                                                         * -->
<!-- *   This program is free software; you can redistribute it and/or modify  * -->
<!-- *   it under the terms of the GNU General Public License as published by  * -->
<!-- *   the Free Software Foundation; either version 3 of the License, or     * -->
<!-- *   (at your option) any later version.                                   * -->
<!-- *                                                                         * -->
<!-- *   This program is distributed in the hope that it will be useful,       * -->
<!-- *   but WITHOUT ANY WARRANTY; without even the implied warranty of        * -->
<!-- *   MERCHANTABILITY or FITNESS FOR A PARTICULAR PURPOSE.  See the         * -->
<!-- *   GNU General Public License for more details.                          * -->
<!-- *                                                                         * -->
<!-- *   You should have received a copy of the GNU General Public License     * -->
<!-- *   along with this program; if not, see <http://www.gnu.org/licenses/>.  * -->
<!-- *                                                                         * -->
<!-- *************************************************************************** -->

<itemlib>
    <itemset category="Arduino" type="Arduino">

    <item name="Arduino Uno"        package="arduino/arduino_uno"  data="avr/atmega328"  device="atmega328"  icon="arduinoUno.png" ></item>
    <item name="Arduino Nano"       package="arduino/arduino_nano" data="avr/atmega328"  device="atmega328"  icon="arduinoNano.png" ></item>
    <item name="Duemilanove (m168)" package="arduino/arduino_uno"  data="avr/atmega328"  device="atmega168"  icon="duemilanove.png" ></item>
    <item name="Arduino Leonardo"   package="arduino/leonardo"     data="avr/atmega32u4" device="atmega32u4" icon="leonardo.png" ></item>

    </itemset>
</itemlib>

