<!DOCTYPE SimulIDE>

<!-- *************************************************************************** -->
<!-- *   Copyright (C) 2017 by santiago González                               * -->
<!-- *   santigoro@gmail.com                                                   * -->
<!-- *                                                                         * -->
<!-- *   This program is free software; you can redistribute it and/or modify  * -->
<!-- *   it under the terms of the GNU General Public License as published by  * -->
<!-- *   the Free Software Foundation; either version 3 of the License, or     * -->
<!-- *   (at your option) any later version.                                   * -->
<!-- *                                                                         * -->
<!-- *   This program is distributed in the hope that it will be useful,       * -->
<!-- *   but WITHOUT ANY WARRANTY; without even the implied warranty of        * -->
<!-- *   MERCHANTABILITY or FITNESS FOR A PARTICULAR PURPOSE.  See the         * -->
<!-- *   GNU General Public License for more details.                          * -->
<!-- *                                                                         * -->
<!-- *   You should have received a copy of the GNU General Public License     * -->
<!-- *   along with this program; if not, see <http://www.gnu.org/licenses/>.  * -->
<!-- *                                                                         * -->
<!-- *************************************************************************** -->

<itemlib>
    
    <itemset category="Logic/IC 74" type="Subcircuit">

    <item name="74HC00"  package="ic74/74HC00.package"  subcircuit="ic74/74HC00.subcircuit"  icon="ic2.png" ></item>
    <item name="74HC02"  package="ic74/74HC02.package"  subcircuit="ic74/74HC02.subcircuit"  icon="ic2.png" ></item>
    <item name="74HC04"  package="ic74/74HC04.package"  subcircuit="ic74/74HC04.subcircuit"  icon="ic2.png" ></item>
    <item name="74HC08"  package="ic74/74HC08.package"  subcircuit="ic74/74HC08.subcircuit"  icon="ic2.png" ></item>
    <item name="74HC32"  package="ic74/74HC32.package"  subcircuit="ic74/74HC32.subcircuit"  icon="ic2.png" ></item>
    <item name="74HC42"  package="ic74/74HC42.package"  subcircuit="ic74/74HC42.subcircuit"  icon="ic2.png" ></item>
    <item name="74HC74"  package="ic74/74HC74.package"  subcircuit="ic74/74HC74.subcircuit"  icon="ic2.png" ></item>
    <item name="74HC86"  package="ic74/74HC86.package"  subcircuit="ic74/74HC86.subcircuit"  icon="ic2.png" ></item>
    <item name="74XX90"  package="ic74/74XX90.package"  subcircuit="ic74/74XX90.subcircuit"  icon="ic2.png" ></item>
    <item name="74XX92"  package="ic74/74XX92.package"  subcircuit="ic74/74XX92.subcircuit"  icon="ic2.png" ></item>
    <item name="74XX93"  package="ic74/74XX93.package"  subcircuit="ic74/74XX93.subcircuit"  icon="ic2.png" ></item>
    <item name="74HC138" package="ic74/74HC138.package" subcircuit="ic74/74HC138.subcircuit" icon="ic2.png" ></item>
    <item name="74HC151" package="ic74/74XX151.package" subcircuit="ic74/74XX151.subcircuit" icon="ic2.png" ></item>
    <item name="74HC164" package="ic74/74XX164.package" subcircuit="ic74/74XX164.subcircuit" icon="ic2.png" ></item>
    <item name="74HC165" package="ic74/74HC165.package" subcircuit="ic74/74HC165.subcircuit" icon="ic2.png" ></item>
    <item name="74HC191" package="ic74/74HC191.package" subcircuit="ic74/74HC191.subcircuit" icon="ic2.png" ></item>
    <item name="74HC273" package="ic74/74HC273.package" subcircuit="ic74/74HC273.subcircuit" icon="ic2.png" ></item>
    <item name="74HC573" package="ic74/74XX573.package" subcircuit="ic74/74XX573.subcircuit" icon="ic2.png" ></item>
    <item name="74HC574" package="ic74/74XX574.package" subcircuit="ic74/74XX574.subcircuit" icon="ic2.png" ></item>
    <item name="74HC595" package="ic74/74XX595.package" subcircuit="ic74/74XX595.subcircuit" icon="ic2.png" ></item>
    
    </itemset>

</itemlib>

